Name of Cultural Enterprise or Arts Education Institution,Type,Address,City/Town,State,ZIP,Lat,Long
Belkin Family Lookout Fram,"Community Farm, Nature Preserve",89 Pleasant Street,Natick,MA,1760,42.26302,-71.309099
Broadmoor Wildlife Sanctuary,"Community Farm, Nature Preserve",280 Eliot Street,Natick,MA,1760,42.25611,-71.340397
Natick Community Organic Farm,"Community Farm, Nature Preserve",117 Eliot Street,Natick,MA,1760,42.267214,-71.323032
Sundin Associates,"Design & Photo Services (architecture, interior design, graphic, fashion, advertising, software/web, photo studio)",34 Main Street,Natick,MA,1760,42.285082,-71.347223
The Golden Group,"Design & Photo Services (architecture, interior design, graphic, fashion, advertising, software/web, photo studio)",43 Main Street Studio 1,Natick,MA,1760,42.284912,-71.347794
RBL Architects,"Design & Photo Services (architecture, interior design, graphic, fashion, advertising, software/web, photo studio)",2 Summer Street,Natick,MA,1760,42.284482,-71.347706
Paradise Photo & Video,"Design & Photo Services (architecture, interior design, graphic, fashion, advertising, software/web, photo studio)",28 Washington Street,Natick,MA,1760,42.285096,-71.346521
Homefolks Design Architects,"Design & Photo Services (architecture, interior design, graphic, fashion, advertising, software/web, photo studio)",2 Summer Street,Natick,MA,1760,42.284482,-71.347706
Initial Design Group,"Design & Photo Services (architecture, interior design, graphic, fashion, advertising, software/web, photo studio)",20 Main Street,Natick,MA,1760,42.284791,-71.347212
Labor Day Creative,"Design & Photo Services (architecture, interior design, graphic, fashion, advertising, software/web, photo studio)",2 Summer Street,Natick,MA,1760,42.284482,-71.347706
Museum of World War II,"Historic/Cultural Museum, Historic Site",8 Mercer Road,Natick,MA,1760,42.296498,-71.387735
The Center for Arts in Natick,"Performing Arts Theater, Theater or Dance Company, Musical Group",14 Summer Street,Natick,MA,1760,42.284354,-71.348122
All Things Audio ,"Publisher, Library, Motion Picture, Video and Sound Recording, Broadcasting Firm",2 Blossom Circle,Natick,MA,1760,42.304245,-71.359059
Bacon Free Library,"Publisher, Library, Motion Picture, Video and Sound Recording, Broadcasting Firm",58 Eliot St,Natick,MA,1760,42.272202,-71.316149
Natick Pegasus,"Publisher, Library, Motion Picture, Video and Sound Recording, Broadcasting Firm","2 Summer Street, Ssuite 350",Natick,MA,1760,42.284482,-71.347706
Morse Insitutue Library,"Publisher, Library, Motion Picture, Video and Sound Recording, Broadcasting Firm",14 East Central Street,Natick,MA,1760,42.284503,-71.345821
Five Crows Gallery & Handcrafted Gifts,"Retail Art Gallery, Artisan/Craft Store",41 Main Street,Natick,MA,1760,42.284917,-71.347835
Helen's Handbags,"Retail Art Gallery, Artisan/Craft Store",3 Adams St.,Natick,MA,1760,42.284713,-71.346836
LilianaBead,"Retail Art Gallery, Artisan/Craft Store",43 Main Street Suite 2,Natick,MA,1760,42.284912,-71.347794
CRT WIN Corp,"Retail Art Gallery, Artisan/Craft Store",75 Middlesex Ave,Natick,MA,1760,42.284833,-71.351747
Full Circle ARTS,"Retail Art Gallery, Artisan/Craft Store",9 Middlesex Ave,Natick,MA,1760,42.285133,-71.349945
The Frame Shop & Gallery,"Retail Art Gallery, Artisan/Craft Store",5 Main Street,Natick,MA,1760,42.283986,-71.347616
The Studios @ 3 Adams,"Retail Art Gallery, Artisan/Craft Store",3 Adams Street,Natick,MA,1760,42.284713,-71.346836
RENEW Arts & Industry,"Retail Art Gallery, Artisan/Craft Store",19 South Main Street,Natick,MA,1760,42.284303,-71.347593
Baldwin Hill Art & Framing,"Retail Art Gallery, Artisan/Craft Store",8 Court Street,Natick,MA,1760,42.284603,-71.346829
Gallery 55,"Retail Art Gallery, Artisan/Craft Store",55 South Main Street,Natick,MA,1760,42.282113,-71.347459
Harwood Arts,"Retail Art Gallery, Artisan/Craft Store",55 South Main Street,Natick,MA,1760,42.282113,-71.347459
JoLa Designs,"Retail Art Gallery, Artisan/Craft Store",3 Adams Street,Natick,MA,1760,42.284713,-71.346836
NeckArt by Deb Sayre,"Retail Art Gallery, Artisan/Craft Store",43 Main Street,Natick,MA,1760,42.284912,-71.347794
